NAMA BAHAN,Food Group,Type,ENERGI (Kal),PROTEIN (g),LEMAK (g),KH (g),SERAT (g)
Kacang arab kering,biji bijian,single,330.0,23.8,1.4,60.2,17.4
Kacang belimbing (kecipir) kering,biji bijian,single,400.0,34.4,16.9,34.1,10.7
Kacang bogor kering,biji bijian,single,370.0,16.0,6.0,65.0,26.3
Kacang bogor segar,biji bijian,single,165.0,7.7,3.1,27.4,2.5
Kacang endel biji kering,biji bijian,single,331.0,25.0,1.0,58.0,23.6
Kacang ercis segar,biji bijian,single,129.0,12.4,0.7,18.3,28.6
Kacang gude biji kering,biji bijian,single,316.0,20.7,1.0,58.0,4.6
Kacang gude biji segar,biji bijian,single,114.0,7.0,0.6,20.8,4.4
Kacang hijau var bakti kering,biji bijian,single,350.0,17.1,1.8,70.7,5.7
Kacang hijau var siwalik kering,biji bijian,single,339.0,20.8,2.1,64.6,7.4
Kacang hijau kering,biji bijian,single,323.0,22.9,1.5,56.8,7.5
Kacang hitam kering,biji bijian,single,346.0,16.6,1.7,66.1,22.8
Kacang kapri segar,biji bijian,single,98.0,6.7,0.4,17.7,6.2
Kacang kedelai kering,biji bijian,single,381.0,40.4,16.7,24.9,3.2
Kacang kedelai segar,biji bijian,single,286.0,30.2,15.6,30.1,2.9
Kacang komak segar,biji bijian,single,327.0,16.4,4.3,55.8,0.5
Kacang kuning kering,biji bijian,single,355.0,17.0,2.5,66.0,15.1
Kacang lebui /iris kering,biji bijian,single,346.0,16.5,1.5,66.6,37.3
Kacang mentega kering,biji bijian,single,344.0,16.7,2.1,64.6,13.0
Kacang merah /banda kering,biji bijian,single,350.0,13.9,3.0,66.9,26.3
Kacang merah tua kering,biji bijian,single,280.0,16.7,1.6,63.2,4.6
Kacang merah kering,biji bijian,single,314.0,22.1,1.1,56.2,4.0
Kacang merah segar,biji bijian,single,171.0,11.0,2.2,28.0,2.1
Kacang mete/biji jambu monyet segar,biji bijian,single,616.0,16.3,48.4,28.7,0.9
Kacang panjang biji kering,biji bijian,single,357.0,17.3,1.5,68.6,10.6
Kacang tanah sangan,biji bijian,single,560.0,29.5,43.0,24.1,2.9
Kacang tanah sangan tanpa selaput,biji bijian,single,559.0,26.9,44.2,23.6,2.6
Kacang tanah kering,biji bijian,single,525.0,27.9,42.7,17.4,2.4
Kacang tolo / tunggak kering,biji bijian,single,331.0,24.4,1.9,56.6,1.6
Kacang tunis kering,biji bijian,single,351.0,12.2,1.2,72.9,29.5
Kacang uci kering,biji bijian,single,358.0,23.4,2.4,60.6,7.4
Kacang urei kering,biji bijian,single,354.0,12.8,1.8,69.3,26.1
Komak polong segar,biji bijian,single,99.0,3.3,0.1,21.2,10.3
Koro andong kering,biji bijian,single,356.0,20.5,4.1,61.6,7.0
Koro benguk biji kering,biji bijian,single,332.0,24.0,3.0,55.0,5.6
Koro kerupuk biji segar,biji bijian,single,125.0,8.3,0.7,22.1,2.2
Koro loke biji segar,biji bijian,single,33.0,2.7,0.2,7.9,3.5
Koro roay kering,biji bijian,single,344.0,12.5,2.1,69.4,7.5
Koro wedus biji kering,biji bijian,single,338.0,22.2,1.5,61.0,5.8
Lamtoro biji muda segar,biji bijian,single,85.0,5.7,0.3,15.4,10.8
Lamtoro biji tua segar,biji bijian,single,148.0,10.6,0.5,26.2,17.0
Lamtoro var gung tanpa kulit,biji bijian,single,367.0,46.4,5.4,32.5,2.6
Lamtoro var lokal dengan kulit,biji bijian,single,336.0,23.8,1.2,59.7,15.4
Nangka biji segar,biji bijian,single,165.0,4.2,0.1,36.7,1.8
Kacang belimbing rebus,biji bijian,single,204.0,16.9,8.8,17.5,4.8
Kacang bogor goreng,biji bijian,single,479.0,12.7,23.2,58.9,1.2
Kacang bogor rebus,biji bijian,single,161.0,7.7,2.8,27.1,2.0
Kacang gude rebus,biji bijian,single,147.0,9.0,0.5,27.5,3.4
kacang hijau rebus,biji bijian,single,109.0,8.7,0.5,18.3,1.5
Kacang kedelai goreng,biji bijian,single,521.0,32.2,37.7,22.9,7.6
Kacang kedelai rebus,biji bijian,single,189.0,20.2,8.2,12.7,1.6
Kacang merah kering rebus,biji bijian,single,158.0,10.3,0.9,28.2,2.6
Kacang merah segar rebus,biji bijian,single,144.0,10.0,1.0,24.7,3.5
Kacang mete/biji jambu monyet goreng,biji bijian,single,629.0,20.4,56.3,19.8,1.1
Kacang tanah goreng,biji bijian,single,564.0,25.5,44.4,25.5,2.8
Kacang tanah rebus,biji bijian,single,220.0,10.6,18.0,8.0,1.0
Kacang tolo rebus,biji bijian,single,138.0,10.7,1.1,22.6,0.9
Ampas kacang hijau,biji bijian,single,96.0,3.7,0.6,19.1,2.7
Ampas tahu kukus,biji bijian,single,75.0,4.1,2.1,10.7,5.1
Ampas tahu kering,biji bijian,single,414.0,26.6,18.3,41.3,0.0
Pepea oncom ampas tahu,biji bijian,single,76.0,5.2,1.8,10.6,2.2
Dodol banjarmasin,biji bijian,single,368.0,2.6,8.6,70.0,0.5
Enting-enting gepuk hello kity,biji bijian,single,538.0,13.6,30.3,52.6,0.2
Enting-enting gepuk kacang tanah,biji bijian,single,524.0,13.3,29.2,52.0,0.2
Enting-enting wijen,biji bijian,single,565.0,18.2,38.4,36.8,1.9
Geplak,biji bijian,single,350.0,1.4,14.4,53.6,1.8
Geplak jahe,biji bijian,single,462.0,3.1,24.4,57.7,3.3
Kacang atom,biji bijian,single,533.0,27.8,38.1,28.8,2.5
Kacang negara,biji bijian,single,480.0,18.4,19.1,58.5,11.7
Kacang sukro,biji bijian,single,484.0,8.8,26.1,57.7,1.8
Kacang tanah sari,biji bijian,single,561.0,25.5,43.8,26.0,2.2
Keju kacang tanah (peanut butter),biji bijian,single,590.0,27.0,49.0,20.9,1.6
Kembang tahu,biji bijian,single,380.0,48.9,13.8,23.3,0.0
Keripik oncom,biji bijian,single,598.0,8.3,43.8,42.6,3.3
Keripik tempe,biji bijian,single,581.0,12.1,40.6,41.7,2.2
Keripik tempe abadi besar,biji bijian,single,556.0,15.8,37.1,39.8,3.5
Keripik tempe abadi murni,biji bijian,single,542.0,40.3,42.4,11.6,2.2
Keripik tempe abadi sedang,biji bijian,single,510.0,12.3,27.9,52.4,3.6
Keripik tempe abadi telur,biji bijian,single,529.0,20.8,31.7,40.2,3.0
Kerupik tempe abadi prima,biji bijian,single,540.0,16.7,33.9,42.0,2.2
Kwaci,biji bijian,single,515.0,30.6,42.1,13.8,13.6
Moon tahu,biji bijian,single,128.0,8.0,10.0,1.3,0.2
Oncom ampas kacang hijau,biji bijian,single,376.0,14.9,6.0,65.7,12.3
Oncom kacang hijau + singkong,biji bijian,single,351.0,11.0,5.3,65.9,9.0
Oncom kacang tanah pepes,biji bijian,single,132.0,12.7,3.8,13.7,3.1
Rempeyek kacang tanah,biji bijian,single,513.0,17.5,32.5,44.3,1.7
Rempeyek kacang tolo,biji bijian,single,451.0,11.2,20.2,59.7,1.8
Rempeyek kacang uci,biji bijian,single,497.0,17.0,27.6,50.8,2.4
Sayur lebui,biji bijian,single,64.0,2.1,0.6,12.5,5.7
Saridele bubuk,biji bijian,single,344.0,30.0,20.0,43.0,6.2
Susu kedelai,biji bijian,single,41.0,3.5,2.5,5.0,0.2
Tahu goreng,biji bijian,single,115.0,9.7,8.5,2.5,0.1
Tahu telur,biji bijian,single,328.0,12.6,19.9,24.6,0.4
Takwa,biji bijian,single,148.0,13.8,8.5,4.0,0.0
Tauco,biji bijian,single,184.0,11.4,5.5,22.2,1.9
Tauco cap beruang cake,biji bijian,single,347.0,7.4,5.2,67.6,3.2
Tauco cap DAS cake,biji bijian,single,358.0,7.5,4.3,70.4,3.1
Tauco cap meong,biji bijian,single,159.0,7.4,4.9,21.3,1.6
Tauji cap singa,biji bijian,single,277.0,9.1,4.7,49.6,1.2
Tempe gembus P3G,biji bijian,single,73.0,5.7,1.3,10.3,4.2
Tempe gembus yogya,biji bijian,single,76.0,6.8,0.7,10.6,5.3
Tempe kacang belimbing,biji bijian,single,212.0,17.5,10.0,12.9,2.9
Tempe kedelai + jagung,biji bijian,single,143.0,12.0,5.5,11.4,1.9
Tempe kedelai murni goreng,biji bijian,single,350.0,24.5,26.6,10.4,4.2
Tempe lamtoro,biji bijian,single,128.0,10.7,0.5,21.3,7.1
Tempe lamtoro var gung dengan kulit,biji bijian,single,146.0,11.7,2.3,19.6,7.6
Tempe lamtoro var gung tanpa kulit,biji bijian,single,131.0,18.0,0.8,13.0,1.3
Tempe pasar,biji bijian,single,150.0,14.0,7.7,9.1,1.4
Tempe pasar goreng,biji bijian,single,336.0,20.0,28.0,7.8,3.4
Tepung hunkwe (pati kacang ijo),biji bijian,single,364.0,4.5,1.0,83.5,16.1
Anggur hutan segar,buah,single,30.0,0.5,0.2,6.8,1.2
Apel malang segar,buah,single,57.0,0.5,0.4,12.8,0.8
Apel segar,buah,single,58.0,0.3,0.4,14.9,2.6
Belimbing segar,buah,single,36.0,0.4,0.4,8.8,3.2
Biwah segar,buah,single,51.0,0.3,0.1,12.1,0.7
Buah kom segar,buah,single,264.0,4.0,1.1,59.6,9.0
Buah mentega (Bisbul) segar,buah,single,39.0,0.7,0.2,9.7,2.0
Buah Naga Merah segar,buah,single,71.0,1.7,3.1,9.1,3.2
Buah Naga Putih segar,buah,single,56.0,0.8,1.0,10.9,3.2
Buah negri segar,buah,single,55.0,1.2,0.1,12.2,5.2
Buah nona segar,buah,single,101.0,1.7,0.6,25.2,2.8
Buah rukam segar,buah,single,113.0,0.8,0.3,26.8,7.7
Buah ruruhi segar,buah,single,29.0,2.1,0.7,3.6,2.6
Carica papaya segar,buah,single,24.0,1.9,0.2,3.7,1.0
Cempedak segar,buah,single,116.0,3.0,0.4,28.6,3.4
Duku segar,buah,single,63.0,1.0,0.2,16.1,4.3
Durian segar,buah,single,134.0,2.5,3.0,28.0,3.5
Duwet segar,buah,single,80.0,0.5,0.6,18.2,0.9
Embacang segar,buah,single,98.0,1.4,0.2,25.4,1.9
Encung asam segar,buah,single,122.0,3.5,4.5,17.5,9.3
Erbis segar,buah,single,70.0,0.6,0.0,18.9,7.7
Gandaria masak,buah,single,68.0,0.7,0.1,18.0,2.2
Gatep segar,buah,single,191.0,4.5,1.5,39.7,13.4
Jambu air segar,buah,single,46.0,0.6,0.2,11.8,2.1
Jambu biji,buah,single,49.0,0.9,0.3,12.2,2.4
Jambu bj putih tdk brbj,buah,single,61.0,0.9,0.3,15.4,4.5
Jambu bol segar,buah,single,49.0,2.3,0.2,9.6,3.5
Jambu monyet segar,buah,single,64.0,0.7,0.6,15.8,1.2
Jeruk bali segar,buah,single,48.0,0.6,0.2,12.4,0.8
Jeruk banjar segar,buah,single,61.0,0.8,0.2,14.1,5.4
Jeruk garut-keprok,buah,single,44.0,0.8,0.3,10.9,1.6
Jeruk Kalamansi segar,buah,single,39.0,0.3,0.3,8.9,2.3
Jeruk manis segar,buah,single,45.0,0.9,0.2,11.2,1.4
Jeruk nipis segar,buah,single,44.0,0.5,0.2,10.0,0.4
Jeruk ragi segar,buah,single,49.0,0.7,0.2,11.1,0.5
Kawista segar,buah,single,120.0,3.5,2.5,20.8,4.6
Kedondong masak segar,buah,single,46.0,1.0,0.1,10.3,2.6
Kedondong segar,buah,single,47.0,0.5,0.2,10.4,2.7
Kelapa muda daging segar,buah,single,68.0,1.0,0.9,14.0,0.0
Kemang segar,buah,single,48.0,1.0,0.2,11.9,1.7
Kesemek segar,buah,single,78.0,0.8,0.4,20.0,0.6
Kokosan segar,buah,single,86.0,1.6,0.2,13.0,1.4
Kranji segar,buah,single,315.0,2.1,1.4,73.5,3.6
Langsat segar,buah,single,56.0,0.9,0.2,14.3,1.4
Lemon segar,buah,single,34.0,0.5,0.8,6.2,0.1
Lontar segar,buah,single,27.0,0.4,0.2,6.0,1.6
Mangga segar,buah,single,52.0,0.7,0.0,12.3,1.6
Mangga benggala segar,buah,single,63.0,2.4,0.4,12.4,5.8
Mangga gedung segar,buah,single,44.0,0.7,0.2,11.2,1.6
Mangga golek segar,buah,single,63.0,0.5,0.2,16.7,2.3
Mangga harumanis segar,buah,single,46.0,0.4,0.2,11.9,1.7
Mangga indramayu segar,buah,single,72.0,0.8,0.2,18.7,2.5
Mangga kopek segar,buah,single,56.0,0.4,0.2,14.6,2.0
Mangga kwini segar,buah,single,86.0,0.7,0.5,19.8,6.5
Mangga manalagi segar,buah,single,133.0,1.0,0.1,32.1,11.8
Manggis segar,buah,single,63.0,0.6,0.6,15.6,1.5
Markisa segar,buah,single,144.0,3.5,1.2,29.8,11.4
Matoa segar,buah,single,90.0,1.2,0.1,21.1,0.5
Melon segar,buah,single,37.0,0.6,0.4,7.8,1.0
Nanas palembang segar,buah,single,58.0,0.7,0.2,13.3,1.6
Nanas segar,buah,single,40.0,0.6,0.3,9.9,0.6
Nangka masak pohon segar,buah,single,106.0,1.2,0.3,27.6,3.7
Pala daging segar,buah,single,42.0,0.3,0.2,10.9,0.5
Pepaya segar,buah,single,46.0,0.5,12.0,12.2,1.6
Pisang ambon segar,buah,single,108.0,1.0,0.8,24.3,1.9
Pisang angleng (pisang ampyang) segar,buah,single,68.0,1.3,0.2,17.2,0.8
Pisang ayam segar,buah,single,120.0,1.1,0.2,26.8,4.1
Pisang gapi segar,buah,single,131.0,1.6,0.1,31.1,11.7
Pisang goroho segar,buah,single,119.0,1.5,0.2,27.9,4.6
Pisang hijau segar,buah,single,121.0,1.0,0.1,28.9,0.4
Pisang kayu segar,buah,single,100.0,1.4,0.5,23.6,2.6
Pisang kepok segar,buah,single,109.0,0.8,0.5,26.3,5.7
Pisang ketip segar,buah,single,145.0,1.1,0.3,34.5,6.6
Pisang kidang segar,buah,single,96.0,1.0,0.2,22.5,0.6
Pisang lampung segar,buah,single,99.0,1.3,0.2,25.6,4.3
Pisang mas bali ampenan segar,buah,single,92.0,1.4,0.2,21.0,3.7
Pisang mas bali kopang segar,buah,single,127.0,1.4,0.2,31.8,3.7
Pisang mas segar,buah,single,127.0,1.4,0.2,33.6,1.4
Pisang raja sereh segar,buah,single,108.0,1.3,0.3,28.2,0.7
Pisang raja segar,buah,single,120.0,1.2,0.2,31.8,5.3
Pisang rotan segar,buah,single,98.0,1.3,1.2,20.5,1.0
Pisang talas segar,buah,single,113.0,1.2,0.2,26.7,4.4
Pisang tujuh bulan,buah,single,94.0,0.6,0.2,22.5,3.7
Pisang ua segar,buah,single,128.0,0.8,0.5,30.2,8.1
Pisang uli segar,buah,single,134.0,1.1,0.5,35.5,1.4
Purut segar,buah,single,76.0,4.1,1.1,15.2,1.7
Rambutan binjai segar,buah,single,76.0,0.5,0.2,18.0,3.8
Rambutan segar,buah,single,69.0,0.9,0.1,18.1,0.8
Salak bali segar,buah,single,57.0,0.5,0.1,13.6,1.3
Salak medan segar,buah,single,55.0,0.4,0.2,12.8,3.2
Salak pondoh segar,buah,single,87.0,0.8,0.4,20.1,0.0
Sawo duren segar,buah,single,64.0,1.0,3.1,8.0,0.8
Sawo kecik segar,buah,single,111.0,0.9,2.3,21.6,1.0
Sawo Manila segar,buah,single,92.0,0.5,1.1,22.4,9.5
Semangka segar,buah,single,28.0,0.5,0.2,6.9,0.4
Sirsak segar,buah,single,65.0,1.0,0.3,16.3,3.2
Sowa segar,buah,single,48.0,1.6,0.6,9.1,45.0
Srikaya segar,buah,single,63.0,1.1,0.5,13.9,2.1
Sukun muda segar,buah,single,119.0,1.4,0.2,28.1,1.4
Sukun tua segar,buah,single,126.0,1.6,0.2,24.5,1.5
Wani segar,buah,single,74.0,0.8,0.3,17.1,3.1
Getuk pisang,buah,processed food,144.0,1.1,0.4,34.1,0.4
Ledre pisang,buah,processed food,405.0,4.8,5.1,84.9,0.4
Lempog durian,buah,processed food,320.0,3.5,5.7,63.7,4.9
Rujak aceh,buah,processed food,82.0,0.4,0.3,19.7,2.4
Sale pisang siam,buah,processed food,281.0,2.4,0.7,66.1,1.0
Sale pisang cilacap,buah,processed food,295.0,2.3,2.1,66.9,1.3
Tepung Pisang,buah,processed food,338.0,2.9,0.4,80.6,5.3
Tepung Sukun,buah,processed food,353.0,2.9,0.5,84.4,3.7
Asam arang coklat segar,bumbu,single,130.0,0.5,1.1,30.9,1.5
Asam arang merah segar,bumbu,single,99.0,0.8,1.6,20.3,2.8
Asan kandis kering,bumbu,single,261.0,0.9,1.6,63.3,5.0
Asam kandis segar,bumbu,single,75.0,0.2,1.1,16.1,3.4
Asam masak pohon segar,bumbu,single,267.0,2.8,0.6,62.5,1.2
Asam payak segar,bumbu,single,135.0,0.8,0.4,32.1,10.0
Bawang merah segar,bumbu,single,46.0,1.5,0.3,9.2,1.7
Bawang putih segar,bumbu,single,112.0,4.5,0.2,23.1,0.6
Boros kunci segar,bumbu,single,40.0,1.0,0.8,7.2,1.0
Boros laja (lengkuas) segar,bumbu,single,26.0,1.0,0.3,4.7,1.1
Cabai gembor merah segar,bumbu,single,38.0,1.6,0.8,6.3,1.6
Cabai hijau segar,bumbu,single,26.0,0.7,0.3,5.2,2.6
Cabai merah kering,bumbu,single,367.0,15.9,6.2,61.8,26.9
Cabai merah segar,bumbu,single,36.0,1.0,0.3,7.3,1.4
Cabai rawit segar,bumbu,single,120.0,4.7,2.4,19.9,15.2
Cengkeh kering,bumbu,single,330.0,5.2,8.9,57.4,10.0
Daun salam bubuk,bumbu,single,301.0,14.2,10.9,49.0,9.4
Jahe segar,bumbu,single,51.0,1.5,1.0,10.1,12.0
Kemiri,bumbu,single,675.0,19.0,63.0,8.0,3.0
Ketumbar kering,bumbu,single,418.0,14.1,16.1,54.2,12.3
Kunyit segar,bumbu,single,69.0,2.0,2.7,9.1,0.6
Merica kering,bumbu,single,365.0,11.5,6.8,64.4,1.0
Pala biji kering,bumbu,single,518.0,7.5,36.4,40.1,3.5
Balichong,bumbu,processed food,152.0,13.2,0.8,22.9,1.5
Bekasam,bumbu,processed food,116.0,11.9,4.9,6.1,3.5
Bekasang,bumbu,processed food,78.0,11.4,2.0,3.6,0.4
Cuka,bumbu,processed food,21.0,0.1,0.1,5.0,0.0
Kecap,bumbu,processed food,71.0,5.7,1.3,9.0,0.0
Petis udang kering,bumbu,processed food,345.0,23.8,1.4,59.3,0.0
Petis udang pasta,bumbu,processed food,220.0,15.0,0.9,38.0,2.3
Saos tomat,bumbu,processed food,110.0,2.0,0.4,24.5,0.9
Tempoya,bumbu,processed food,110.0,1.7,1.3,21.9,2.6
Terasi,bumbu,processed food,155.0,22.3,2.9,9.9,2.7
Terasi dobo,bumbu,processed food,191.0,33.1,3.6,6.6,1.6
Terasi merah,bumbu,processed food,174.0,30.0,3.5,5.6,2.2
Anak sapi daging gemuk segar,daging dan unggas,single,184.0,18.8,14.0,0.0,0.0
Anak sapi daging kurus segar,daging dan unggas,single,174.0,19.6,10.0,0.0,0.0
Anak sapi daging sedang segar,daging dan unggas,single,190.0,19.1,12.0,0.0,0.0
Angsa daging segar,daging dan unggas,single,349.0,16.4,31.5,0.0,0.0
Ayam daging segar,daging dan unggas,single,298.0,18.2,25.0,0.0,0.0
Ayam hati segar,daging dan unggas,single,261.0,27.4,16.1,1.6,0.0
Bebek (itik) daging segar,daging dan unggas,single,321.0,16.0,28.6,0.0,0.0
Bebek alabio daging segar,daging dan unggas,single,303.0,11.3,27.0,3.7,0.0
Belibis daging segar,daging dan unggas,single,131.0,20.2,4.3,2.8,0.0
Domba daging gemuk segar,daging dan unggas,single,317.0,15.7,27.7,0.0,0.0
Domba daging kurus segar,daging dan unggas,single,202.0,17.1,14.8,0.0,0.0
Domba ginjal segar,daging dan unggas,single,100.0,16.6,3.3,1.0,0.0
Kambing daging segar,daging dan unggas,single,149.0,16.6,9.2,0.0,0.0
Kelinci daging segar,daging dan unggas,single,142.0,16.9,7.8,0.0,0.0
Kerbau daging segar,daging dan unggas,single,79.0,18.7,0.5,0.0,0.0
Kuda daging segar,daging dan unggas,single,113.0,18.1,4.1,0.9,0.0
Sapi babat segar,daging dan unggas,single,108.0,17.6,4.2,0.0,0.0
Sapi daging gemuk segar,daging dan unggas,single,273.0,17.5,22.0,0.0,0.0
Sapi daging kurus segar,daging dan unggas,single,174.0,19.6,10.0,0.0,0.0
Sapi daging lemak sedang segar,daging dan unggas,single,201.0,18.8,14.0,0.0,0.0
Sapi daleman segar,daging dan unggas,single,183.0,12.0,14.4,1.4,0.0
Sapi ginjal segar,daging dan unggas,single,137.0,15.0,8.1,0.9,0.0
Sapi keleponan segar,daging dan unggas,single,84.0,10.5,4.6,0.2,0.0
Sapi liver segar,daging dan unggas,single,132.0,19.7,3.2,6.0,0.0
Sapi otak segar,daging dan unggas,single,123.0,10.4,8.6,0.8,0.0
Sapi usus segar,daging dan unggas,single,126.0,14.0,7.2,1.5,0.0
Ulat sagu segar,daging dan unggas,single,241.0,5.8,21.6,5.8,2.8
Ayam ampela goreng,daging dan unggas,processed food,270.0,32.3,11.2,9.9,0.0
Ayam usus goreng,daging dan unggas,processed food,473.0,45.2,26.3,13.9,0.0
Bebek daging goreng,daging dan unggas,processed food,300.0,24.0,20.7,4.5,0.0
Ham,daging dan unggas,processed food,384.0,16.9,35.0,0.3,0.0
Sapi abon,daging dan unggas,processed food,212.0,18.0,10.6,59.3,7.5
Sapi abon asli,daging dan unggas,processed food,358.0,14.6,16.1,38.6,2.5
Sapi daging asap,daging dan unggas,processed food,182.0,32.0,6.0,0.0,0.0
Sapi daging kornet,daging dan unggas,processed food,289.0,16.0,25.0,0.0,0.0
Sapi hati sosis (liverworst),daging dan unggas,processed food,274.0,16.0,22.0,3.0,2.3
Ulat sagu panggang,daging dan unggas,processed food,380.0,11.9,30.3,14.9,4.8
Ayam goreng church texas dada,daging dan unggas,processed food,338.0,35.2,20.6,0.4,0.0
Ayam goreng church texas paha,daging dan unggas,processed food,287.0,31.0,15.7,1.7,0.0
Ayam goreng church texas sayap,daging dan unggas,processed food,295.0,34.0,16.0,1.5,0.0
Ayam goreng kalasan paha,daging dan unggas,processed food,275.0,37.4,12.2,1.3,0.0
Ayam goreng kentucky dada,daging dan unggas,processed food,298.0,34.2,16.8,0.1,0.0
Ayam goreng Kentucky paha,daging dan unggas,processed food,286.0,32.1,16.1,1.1,0.0
Ayam goreng Kentucky sayap,daging dan unggas,processed food,297.0,35.9,15.2,1.6,0.0
Ayam goreng mbok berek dada,daging dan unggas,processed food,295.0,39.2,13.6,1.0,0.0
Ayam goreng pasundan dada,daging dan unggas,processed food,246.0,37.9,9.0,0.7,0.0
Ayam goreng pasundan paha,daging dan unggas,processed food,245.0,33.1,11.4,0.3,0.0
Ayam goreng pioneer dada,daging dan unggas,processed food,295.0,37.4,14.7,0.6,0.0
Ayam goreng sukabumi dada,daging dan unggas,processed food,244.0,36.7,9.2,1.0,0.0
Ayam goreng sukabumi paha,daging dan unggas,processed food,283.0,35.7,14.3,0.5,0.0
Beef burger,daging dan unggas,processed food,258.0,10.6,9.5,32.5,0.4
Beef teriyaki masakan,daging dan unggas,processed food,151.0,8.6,3.1,22.3,0.3
Beef yakiniku masakan,daging dan unggas,processed food,132.0,9.8,1.1,20.7,0.3
Brongkos,daging dan unggas,processed food,141.0,15.3,3.3,12.6,1.0
Bulgogi masakan,daging dan unggas,processed food,72.0,11.4,4.9,1.4,1.7
Chicken teriyaki masakan,daging dan unggas,processed food,168.0,13.0,9.6,7.5,0.8
Chikiniku masakan,daging dan unggas,processed food,143.0,9.8,1.4,22.8,0.4
Djibokum masakan,daging dan unggas,processed food,248.0,10.0,2.3,40.9,0.1
Lawar penyu masakan,daging dan unggas,processed food,141.0,23.0,1.5,7.6,0.0
Rendang sapi masakan,daging dan unggas,processed food,193.0,22.6,7.9,7.8,0.0
Sate penyu masakan,daging dan unggas,processed food,179.0,22.5,3.5,13.3,0.0
Penyu serapah masakan,daging dan unggas,processed food,174.0,13.1,12.2,2.2,0.0
Soto bandung masakan,daging dan unggas,processed food,42.0,3.9,1.7,2.8,0.4
Soto betawi masakan,daging dan unggas,processed food,135.0,2.5,8.8,11.5,0.5
Soto kudus masakan,daging dan unggas,processed food,38.0,2.6,2.3,1.8,0.2
Soto madura masakan,daging dan unggas,processed food,60.0,3.5,4.5,1.3,0.0
Soto padang masakan,daging dan unggas,processed food,127.0,5.9,6.6,11.0,0.7
Soto pekalongan masakan,daging dan unggas,processed food,94.0,3.0,6.8,5.1,0.3
Soto pemalang masakan,daging dan unggas,processed food,75.0,3.6,5.2,3.5,0.0
Soto sukaraja masakan,daging dan unggas,processed food,80.0,3.2,3.5,9.0,0.3
Soto sulung masakan,daging dan unggas,processed food,86.0,2.3,8.5,0.0,0.0
Sukiyaki masakan,daging dan unggas,processed food,75.0,5.6,0.4,12.2,0.2
Kelapa setengah tua daging segar,lemak minyak,single,180.0,4.0,15.0,10.0,2.4
Kelapa tua daging segar,lemak minyak,single,359.0,3.4,34.7,14.0,4.7
Lemak ikan,lemak minyak,single,372.0,12.0,29.4,14.4,0.0
Lemak kerbau (lemak sapi),lemak minyak,single,818.0,1.5,90.0,0.0,0.0
Minyak hiu hati,lemak minyak,single,902.0,0.0,100.0,0.0,0.0
Minyak ikan,lemak minyak,single,902.0,0.0,100.0,0.0,0.0
Minyak kacang tanah,lemak minyak,single,902.0,0.0,100.0,0.0,0.0
Minyak kedelai,lemak minyak,single,883.0,0.0,99.9,0.0,0.0
Minyak kelapa,lemak minyak,single,870.0,1.0,98.0,0.0,0.0
Minyak kelapa sawit,lemak minyak,single,884.0,0.0,100.0,0.0,0.0
Minyak wijen,lemak minyak,single,881.0,0.2,99.7,0.0,0.0
Minyak zaitun,lemak minyak,single,884.0,0.0,100.0,0.0,0.0
Margarin,lemak minyak,processed food,720.0,0.6,81.0,0.4,0.0
Mentega,lemak minyak,processed food,742.0,0.5,81.6,1.4,0.0
Santan (dengan air),lemak minyak,processed food,122.0,2.0,10.0,7.6,1.4
Santan murni,lemak minyak,processed food,324.0,4.2,34.3,5.6,0.0
Kelapa muda air segar,minuman,single,17.0,0.2,0.1,3.8,0.0
Coklat manis batang,produk gula,single,527.0,2.0,29.8,62.7,6.5
Coklat pahit batang,produk gula,single,615.0,5.5,42.6,29.2,10.8
Coklat susu batang,produk gula,single,565.0,9.0,35.0,53.6,3.4
Coklat bubuk,produk gula,single,311.0,8.0,4.0,48.9,32.6
Gula aren,produk gula,single,368.0,0.0,0.0,92.0,0.0
Gula kelapa,produk gula,single,386.0,3.0,10.0,76.0,0.0
Gula putih,produk gula,single,394.0,0.0,0.0,94.0,0.0
Jam selai,produk gula,single,239.0,0.5,0.6,64.5,1.0
Kopi bubuk instant,produk gula,single,129.0,12.3,0.5,35.0,0.0
Madu,produk gula,single,294.0,0.3,0.0,79.5,0.2
Sirup,produk gula,single,213.0,0.0,0.0,55.0,0.0
Sirup pirous,produk gula,single,228.0,0.2,0.4,55.9,0.0
Teh hijau daun kering,produk gula,single,300.0,28.3,4.8,53.6,9.6
Teh hitam daun kering,produk gula,single,293.0,24.5,2.8,58.8,8.7
Teh melati daun kering,produk gula,single,299.0,24.1,3.5,59.0,9.7
Belut segar,prooduk laut,single,70.0,14.6,0.8,1.0,0.0
Belut laut segar,prooduk laut,single,93.0,12.8,1.5,6.1,0.0
Cumi-cumi segar,prooduk laut,single,75.0,16.1,0.7,0.1,0.0
Ikan bader segar,prooduk laut,single,193.0,19.0,13.0,0.0,0.0
Ikan balong segar,prooduk laut,single,107.0,16.5,3.9,1.5,0.0
Ikan bambangan segar,prooduk laut,single,112.0,20.0,1.3,3.7,0.0
Ikan bandeng segar,prooduk laut,single,123.0,20.0,4.8,0.0,0.0
Ikan banjar segar,prooduk laut,single,111.0,19.4,0.9,4.8,0.0
Ikan baronang segar,prooduk laut,single,78.0,14.5,0.6,3.7,0.0
Ikan batung segar,prooduk laut,single,115.0,14.5,4.6,4.2,0.0
Ikan baung segar,prooduk laut,single,123.0,15.1,5.5,3.3,0.0
Ikan bawal segar,prooduk laut,single,91.0,19.0,1.7,0.0,0.0
Ikan Belida segar,prooduk laut,single,80.0,14.7,1.4,2.2,0.0
Ikan beunteur segar,prooduk laut,single,109.0,17.0,4.0,0.0,0.0
Ikan biawan segar,prooduk laut,single,90.0,14.9,2.5,2.1,0.0
Ikan bili segar,prooduk laut,single,88.0,14.2,0.7,6.2,0.0
Ikan cakalang segar,prooduk laut,single,107.0,19.6,0.7,5.5,0.0
Ikan daun segar,prooduk laut,single,101.0,11.5,4.1,4.6,0.0
Ikan ekor kuning segar,prooduk laut,single,108.0,22.3,1.2,2.1,0.0
Ikan gabus segar,prooduk laut,single,80.0,16.2,0.5,2.6,0.0
Ikan hitam segar,prooduk laut,single,101.0,10.3,3.7,6.7,0.0
Ikan hiu segar,prooduk laut,single,57.0,10.7,0.3,2.2,0.0
Ikan kacangan segar,prooduk laut,single,77.0,15.6,0.9,1.6,0.0
Ikan kakap segar,prooduk laut,single,92.0,20.0,0.7,0.0,0.0
Ikan kalaban segar,prooduk laut,single,77.0,16.4,0.7,1.3,0.0
Ikan kamera (kakap merah) segar,prooduk laut,single,86.0,19.7,0.8,0.0,0.0
Ikan kapar segar,prooduk laut,single,132.0,17.0,6.7,0.8,0.0
Ikan keru-keru segar,prooduk laut,single,93.0,16.5,2.1,0.8,0.0
Ikan lais segar,prooduk laut,single,161.0,11.9,11.5,2.4,0.0
Ikan layang segar,prooduk laut,single,109.0,22.0,1.7,0.0,0.0
Ikan layur segar,prooduk laut,single,82.0,18.0,1.0,0.4,0.0
Ikan lemuru segar,prooduk laut,single,112.0,20.0,3.0,0.0,0.0
Ikan lidah segar,prooduk laut,single,104.0,15.6,3.2,2.0,0.0
Ikan mamar merah segar,prooduk laut,single,115.0,15.3,4.0,4.4,0.0
Ikan mas segar,prooduk laut,single,86.0,16.0,2.0,0.0,0.0
Ikan mayong segar,prooduk laut,single,97.0,17.9,2.0,0.4,0.0
Ikan mujahir segar,prooduk laut,single,89.0,18.7,1.0,0.0,0.0
Ikan paling segar,prooduk laut,single,303.0,14.0,27.0,0.0,0.0
Ikan papuyu/ betok segar,prooduk laut,single,120.0,14.3,4.9,4.6,0.0
Ikan patin segar,prooduk laut,single,132.0,17.0,6.6,1.1,0.0
Ikan saluang segar,prooduk laut,single,113.0,13.9,4.9,3.4,0.0
Ikan sarden segar,prooduk laut,single,109.0,19.9,1.8,3.4,0.0
Ikan selar segar,prooduk laut,single,100.0,18.8,2.2,0.0,0.0
Ikan sepat segar,prooduk laut,single,84.0,15.2,0.6,4.7,0.0
Ikan sidat segar,prooduk laut,single,81.0,11.4,1.9,3.8,0.0
Ikan tahuman segar,prooduk laut,single,88.0,15.9,0.9,4.1,0.0
Ikan tarmon segar,prooduk laut,single,96.0,19.5,1.1,2.0,0.0
Ikan telan segar,prooduk laut,single,95.0,15.8,0.7,6.5,0.0
Ikan tembang segar,prooduk laut,single,204.0,16.0,15.0,0.0,0.0
Ikan tempahas segar,prooduk laut,single,101.0,15.1,4.1,1.0,0.0
Ikan terbang segar,prooduk laut,single,98.0,19.6,1.7,1.0,0.0
Ikan teri segar,prooduk laut,single,74.0,10.3,1.4,4.1,0.0
Ikan titang segar,prooduk laut,single,82.0,17.4,0.4,2.3,0.0
Ikan tongkol segar,prooduk laut,single,100.0,13.7,1.5,8.0,0.0
Keong segar,prooduk laut,single,64.0,12.0,1.0,2.0,0.0
Kepiting segar,prooduk laut,single,151.0,13.8,3.8,14.1,0.0
Kerang segar,prooduk laut,single,101.0,14.4,2.6,3.9,0.0
Kodok segar,prooduk laut,single,73.0,16.4,0.3,0.0,0.0
Kura-kura segar,prooduk laut,single,83.0,19.1,0.2,0.0,0.0
Kuro segar,prooduk laut,single,87.0,16.0,2.2,1.0,0.0
Rajungan segar,prooduk laut,single,76.0,12.1,2.0,2.4,0.0
Rebon udang kecil segar,prooduk laut,single,81.0,16.2,1.2,0.7,0.0
Rusip,prooduk laut,single,110.0,11.5,2.0,11.7,0.0
Udang galah segar,prooduk laut,single,81.0,16.5,0.3,3.0,0.0
Udang besar segar,prooduk laut,single,56.0,11.4,0.6,1.2,0.0
Udang segar,prooduk laut,single,91.0,21.0,0.2,0.1,0.0
Belut goreng,prooduk laut,processed food,417.0,25.9,19.4,32.0,0.0
Cumi-cumi goreng,prooduk laut,processed food,265.0,40.6,10.1,0.0,0.0
Ikan asin kering,prooduk laut,processed food,193.0,42.0,1.5,0.0,0.0
Ikan bandeng presto masakan,prooduk laut,processed food,296.0,17.1,20.3,11.3,0.0
Ikan Belida bakar,prooduk laut,processed food,128.0,18.0,3.0,7.2,0.0
Ikan Gabus kering,prooduk laut,processed food,268.0,58.0,4.0,0.0,0.0
Ikan katombo asin,prooduk laut,processed food,162.0,31.7,2.8,0.3,0.0
Ikan kayu kering,prooduk laut,processed food,302.0,70.7,1.9,0.4,0.0
Ikan Mas pepes,prooduk laut,processed food,209.0,15.2,11.3,11.8,0.5
Ikan mujahir goreng,prooduk laut,processed food,416.0,46.9,23.9,0.0,0.0
Ikan Mujahir pepes,prooduk laut,processed food,121.0,21.7,2.8,0.8,0.0
Ikan Papuyu bakar,prooduk laut,processed food,152.0,17.6,6.1,6.7,0.0
Sardines dalam kaleng,prooduk laut,processed food,338.0,21.1,27.0,1.0,0.0
Akar tonjong segar,sayuran,single,45.0,1.1,0.4,10.8,1.2
Ale toge segar,sayuran,single,37.0,4.4,0.5,3.8,1.7
Andaliman segar,sayuran,single,99.0,4.6,1.0,18.0,8.5
Andewi segar,sayuran,single,226.0,1.6,0.2,5.3,4.1
Bakung segar,sayuran,single,27.0,2.0,0.2,4.2,3.8
Baligo segar,sayuran,single,15.0,0.4,0.2,3.0,0.4
Bawang bombay segar,sayuran,single,43.0,1.4,0.2,10.3,2.0
Bayam segar,sayuran,single,16.0,0.9,0.4,2.9,0.7
Bayam merah segar,sayuran,single,41.0,2.2,0.8,6.3,2.2
Bit segar,sayuran,single,41.0,1.6,0.1,9.6,2.6
Buah kelor,sayuran,single,38.0,1.5,0.2,7.5,3.2
Buah merah,sayuran,single,87.0,2.6,2.7,13.1,4.0
Buncis segar,sayuran,single,34.0,2.4,0.3,7.2,1.9
Bunga pepaya segar,sayuran,single,45.0,2.6,0.3,8.1,1.6
Bunga turi segar,sayuran,single,42.0,2.0,1.1,6.1,3.3
Caisin segar,sayuran,single,20.0,1.7,0.4,3.4,1.2
Daun bangun-bangun segar,sayuran,single,27.0,1.3,0.6,4.0,1.0
Daun bawang merah segar,sayuran,single,41.0,2.0,0.3,7.8,2.1
Daun bebuas segar,sayuran,single,41.0,2.7,1.0,7.3,2.1
Daun belem segar,sayuran,single,50.0,4.4,1.4,7.8,1.9
Daun gandaria segar,sayuran,single,63.0,3.1,0.3,14.0,2.1
Daun gedi besar segar,sayuran,single,58.0,2.9,0.7,10.0,3.3
Daun gedi kecil segar,sayuran,single,61.0,3.2,0.7,10.4,3.4
Daun gelang segar,sayuran,single,30.0,1.3,0.7,5.8,1.3
Daun gunda bali segar,sayuran,single,50.0,4.6,0.9,7.0,1.4
Daun gunda serang segar,sayuran,single,62.0,4.2,0.9,9.2,1.3
Daun jambu mete muda segar,sayuran,single,78.0,4.6,0.5,16.2,3.0
Daun jampang segar,sayuran,single,34.0,3.8,0.5,5.3,1.4
Daun jawaw seluang segar,sayuran,single,93.0,5.0,1.3,15.3,3.9
Daun jonghe segar,sayuran,single,27.0,2.1,0.7,4.4,2.0
Daun kacang ma segar,sayuran,single,36.0,2.9,0.6,6.8,1.8
Daun kacang panjang segar,sayuran,single,30.0,3.1,0.3,5.8,1.7
Daun kasbi/singkong karet segar,sayuran,single,92.0,4.0,3.6,10.9,5.8
Daun katuk segar,sayuran,single,59.0,6.4,1.0,9.9,1.5
Daun kedondong segar,sayuran,single,59.0,3.5,0.3,13.4,10.7
Daun kelor segar,sayuran,single,92.0,5.1,1.6,14.3,8.2
Daun kemang segar,sayuran,single,43.0,5.5,0.3,7.5,8.4
Daun kenikir segar,sayuran,single,45.0,3.7,0.5,6.6,5.8
Daun kesum segar,sayuran,single,48.0,4.5,0.8,9.1,1.6
Daun kol sawi segar,sayuran,single,22.0,2.1,0.5,3.6,0.9
Daun kubis segar,sayuran,single,51.0,2.5,1.1,8.0,3.4
Daun kumak segar,sayuran,single,14.0,1.3,0.3,2.3,0.9
Daun labu siam segar,sayuran,single,34.0,4.0,0.4,4.7,3.5
Daun labu waluh/kuning segar,sayuran,single,34.0,3.6,0.6,4.5,2.9
Daun lamtoro segar,sayuran,single,87.0,8.3,1.8,14.4,3.3
Daun leilem segar,sayuran,single,76.0,2.8,0.2,15.8,3.1
Daun lobak segar,sayuran,single,30.0,2.3,0.4,5.8,3.2
Daun lompong talas segar,sayuran,single,44.0,3.0,0.8,7.4,3.3
Daun matel ambon segar,sayuran,single,71.0,6.8,1.6,11.5,4.6
Daun melinjo segar,sayuran,single,104.0,5.0,1.3,21.3,10.3
Daun mengkudu segar,sayuran,single,65.0,4.0,1.7,11.4,3.9
Daun ndusuk segar,sayuran,single,166.0,1.7,0.5,38.8,10.7
Daun oyong segar,sayuran,single,22.0,1.0,0.1,5.3,2.0
Daun pakis segar,sayuran,single,39.0,4.5,0.4,6.9,2.0
Daun pakis longgiho segar,sayuran,single,54.0,2.2,3.6,3.1,2.1
Daun pakis wambateu segar,sayuran,single,53.0,3.4,1.2,7.2,4.8
Daun paku segar,sayuran,single,29.0,3.4,0.1,6.5,4.3
Daun pangi segar,sayuran,single,104.0,3.9,0.6,17.9,8.3
Daun pare segar,sayuran,single,49.0,2.7,1.0,8.4,3.0
Daun pepaya segar,sayuran,single,87.0,8.0,2.0,11.9,1.5
Daun pohpohan segar,sayuran,single,37.0,2.5,0.8,6.9,2.6
Daun selasih segar,sayuran,single,62.0,4.0,0.5,10.5,5.3
Daun semanggi segar,sayuran,single,45.0,4.4,0.5,8.5,1.9
Daun simpur segar,sayuran,single,53.0,3.2,2.5,7.6,1.6
Daun singkil segar,sayuran,single,68.0,2.0,1.0,15.2,3.3
Daun singkong segar,sayuran,single,50.0,6.2,1.1,7.1,2.4
Daun singkong ambon segar,sayuran,single,144.0,12.7,1.2,25.2,10.2
Daun singkong ampenan segar,sayuran,single,50.0,6.2,1.1,7.1,2.4
Daun singkong kopang segar,sayuran,single,74.0,6.3,0.7,10.7,4.6
Daun sintrong segar,sayuran,single,36.0,2.6,0.9,6.1,1.7
Daun talas segar,sayuran,single,59.0,3.0,0.4,13.5,3.0
Daun tespong segar,sayuran,single,70.0,2.9,0.3,13.9,2.3
Daun ubi kuning segar,sayuran,single,62.0,3.7,0.3,11.1,6.4
Daun ubi merah segar,sayuran,single,48.0,3.0,0.3,10.8,1.4
Daun ubi putih segar,sayuran,single,46.0,2.8,0.2,8.2,4.8
Daun ubi tinta segar,sayuran,single,55.0,1.7,0.1,11.9,7.6
Eceng segar,sayuran,single,19.0,1.0,0.2,3.8,1.8
Gambas (oyong) segar,sayuran,single,19.0,0.8,0.2,4.1,1.3
Genjer segar,sayuran,single,35.0,1.7,0.2,7.7,2.5
Jagung muda / semi segar,sayuran,single,35.0,2.2,0.1,7.4,1.9
Jamur kuping kering,sayuran,single,294.0,16.0,0.9,64.6,46.5
Jamur kuping segar,sayuran,single,21.0,3.8,0.6,0.9,5.1
Jamur merang segar,sayuran,single,30.0,3.5,0.2,4.0,2.4
Jamur tiram segar,sayuran,single,30.0,1.9,0.1,5.5,3.6
Jamur sagu,sayuran,single,48.0,1.9,3.2,2.8,1.0
Jantung pisang segar,sayuran,single,32.0,1.2,0.3,7.1,3.2
Jengkol segar,sayuran,single,192.0,5.4,0.3,40.7,1.5
Jotang segar,sayuran,single,34.0,1.9,0.3,7.1,3.5
Kabau segar,sayuran,single,130.0,6.7,0.3,25.2,2.9
Kacang mekah polong segar,sayuran,single,22.0,1.1,1.0,3.4,1.1
Kacang panjang segar,sayuran,single,31.0,2.3,0.1,5.3,2.7
Kacang ranti polong,sayuran,single,37.0,3.1,0.2,7.9,2.5
Kalakai segar,sayuran,single,38.0,2.4,0.2,6.6,5.8
Kangkung segar,sayuran,single,28.0,3.4,0.7,3.9,2.0
Kangkung tondano,sayuran,single,43.0,1.8,0.2,8.4,4.3
Kapri muda segar,sayuran,single,45.0,3.3,0.2,9.0,1.8
Karawila,sayuran,single,25.0,2.3,0.2,3.5,2.1
Kecipir muda segar,sayuran,single,32.0,2.9,0.2,5.8,5.5
Kecombrang segar,sayuran,single,34.0,0.9,1.0,6.7,2.6
Kelawi kluwih segar,sayuran,single,118.0,1.5,0.3,27.2,5.0
Kembang turi segar,sayuran,single,51.0,1.8,0.6,9.6,5.0
Kerokot segar,sayuran,single,26.0,1.7,0.4,3.8,1.0
Ketimun segar,sayuran,single,8.0,0.2,0.2,1.4,0.3
Ketimun krai segar,sayuran,single,10.0,0.5,0.2,2.0,0.6
Ketimun madura segar,sayuran,single,9.0,0.5,0.1,1.9,0.7
Komak segar,sayuran,single,99.0,3.3,0.1,21.2,10.3
Kool kembang,sayuran,single,25.0,2.4,0.2,4.9,1.6
Kool merah kool putih,sayuran,single,29.0,1.4,0.2,5.3,1.9
Koro wedus polong,sayuran,single,46.0,3.0,0.3,7.9,3.3
Kucai segar,sayuran,single,45.0,2.2,0.3,10.3,4.8
Kucai muda (Lokio) segar,sayuran,single,42.0,3.8,0.6,7.8,4.9
Kulit melinjo,sayuran,single,111.0,4.5,1.1,20.7,5.0
Kundur segar,sayuran,single,22.0,0.4,0.2,4.7,1.3
Labu air segar,sayuran,single,19.0,0.6,0.2,3.8,0.6
Labu kuning segar,sayuran,single,51.0,1.7,0.5,10.0,2.7
Labu siam segar,sayuran,single,30.0,0.6,0.1,6.7,6.2
Labu waluh segar,sayuran,single,32.0,1.1,0.1,6.6,0.5
Lantar segar,sayuran,single,34.0,2.2,0.3,5.5,2.9
Lobak segar,sayuran,single,21.0,0.9,0.1,4.2,1.4
Lumai/Leunca segar,sayuran,single,38.0,1.1,0.3,7.6,2.0
Mostarda metan -sawi,sayuran,single,33.0,2.3,0.5,4.7,1.8
Nangka muda segar,sayuran,single,57.0,2.0,0.4,11.3,8.3
Paria putih segar,sayuran,single,19.0,1.0,0.4,3.6,1.3
Pepare ular segar,sayuran,single,19.0,0.6,0.1,3.9,1.0
Pepaya muda segar,sayuran,single,29.0,2.1,0.1,4.9,2.1
Petai segar,sayuran,single,92.0,5.4,1.1,15.2,2.0
Peterseli segar,sayuran,single,53.0,3.7,1.0,9.0,0.0
Putri malu segar,sayuran,single,76.0,3.6,0.3,14.6,7.1
Jagung pipil var harapan kering,serealia,single,367.0,6.2,5.1,76.2,2.6
Jagung pipil var metro kering,serealia,single,368.0,5.5,4.6,78.0,2.9
Nasi,serealia,processed food,180.0,3.0,0.3,39.8,0.2
Nasi tim,serealia,processed food,120.0,2.4,0.4,26.0,0.5
Jagung muda rebus,serealia,processed food,142.0,5.0,0.7,30.3,0.8
Jagung kuning tepung,serealia,processed food,355.0,9.2,3.9,73.7,7.2
Jagung kuning pipil rebus,serealia,processed food,154.0,3.8,3.5,28.4,0.7
Jagung tepung putih,serealia,processed food,355.0,9.2,3.9,73.7,7.2
Ketan ketupat,serealia,processed food,212.0,4.0,4.6,38.6,0.2
Ketan hitam matang,serealia,processed food,181.0,4.0,1.2,37.3,0.3
Ketan hitam tapai,serealia,processed food,166.0,3.8,1.0,34.4,0.3
Ketan putih matang,serealia,processed food,163.0,3.0,0.4,35.7,0.2
Ketan putih tapai,serealia,processed food,172.0,3.0,0.5,37.5,0.6
Maizena tepung,serealia,processed food,341.0,0.3,0.0,85.0,7.0
Mi basah,serealia,processed food,88.0,0.6,3.3,14.0,0.1
Mi kering,serealia,processed food,339.0,10.0,1.7,6.3,0.4
Misoa,serealia,processed food,345.0,8.5,2.2,78.0,0.5
Roti putih,serealia,processed food,248.0,8.0,1.2,50.0,9.1
Tepung terigu,serealia,processed food,333.0,9.0,1.0,77.2,0.3
Biskuit,serealia,processed food,458.0,6.9,14.4,75.1,2.1
Bakpia kue,serealia,processed food,272.0,8.7,6.7,44.1,0.9
Bakwan,serealia,processed food,280.0,8.2,10.2,39.0,3.4
Bantal,serealia,processed food,190.0,3.3,0.3,43.5,3.4
Bika ambon,serealia,processed food,199.0,2.1,1.5,44.4,0.3
Brem,serealia,processed food,249.0,3.4,0.4,58.0,0.0
Bubur tinotuan (Manado),serealia,processed food,156.0,2.3,0.2,15.6,8.2
Cake tape,serealia,processed food,323.0,4.9,11.5,50.1,1.4
Dodol bali,serealia,processed food,298.0,3.7,2.1,65.9,0.4
Dodol galamai,serealia,processed food,348.0,0.4,3.8,76.1,0.5
Dodol kedondong,serealia,processed food,331.0,1.9,7.6,63.8,1.0
Dodol manado,serealia,processed food,373.0,4.3,16.5,51.9,0.4
Gemblong,serealia,processed food,274.0,1.7,5.4,55.5,2.2
Gendar goreng,serealia,processed food,407.0,6.4,28.2,32.0,0.1
Intip goreng,serealia,processed food,474.0,7.6,21.6,62.3,1.2
Jagung gerontol,serealia,processed food,156.0,2.7,1.3,33.3,1.0
Jagung titi,serealia,processed food,374.0,9.4,2.2,79.1,0.8
Japilus,serealia,processed food,500.0,1.2,25.1,67.3,0.4
Kambose,serealia,processed food,164.0,3.0,2.4,32.6,4.3
Kapusa,serealia,processed food,158.0,4.4,3.2,27.8,5.3
Kelepon kue,serealia,processed food,215.0,3.7,3.7,41.8,1.0
Ketoprak,serealia,processed food,153.0,7.9,7.7,13.0,2.9
Koya,serealia,processed food,366.0,4.2,4.3,77.5,0.8
Koya mirasa,serealia,processed food,370.0,8.0,1.0,82.2,0.4
Kue ali,serealia,processed food,440.0,3.8,18.5,64.5,0.3
Kue jahe,serealia,processed food,425.0,1.6,8.8,84.6,1.2
Kue putu cangkir,serealia,processed food,304.0,5.3,7.0,54.9,0.9
Lapis legit,serealia,processed food,389.0,6.6,15.7,55.5,0.5
Lupis ketan,serealia,processed food,164.0,1.8,2.1,34.5,0.7
Masekat,serealia,processed food,369.0,2.1,7.0,74.1,4.0
Mie bakso,serealia,processed food,114.0,5.3,3.0,16.4,0.1
Nasi gemuk,serealia,processed food,192.0,3.8,8.8,24.4,0.7
Nasi gurih,serealia,processed food,190.0,4.7,7.5,26.0,0.7
Nasi minyak,serealia,processed food,207.0,3.5,5.0,37.1,0.8
Nopia spesial,serealia,processed food,387.0,5.3,7.6,74.3,0.3
Pundut nasi,serealia,processed food,104.0,1.9,4.1,15.1,0.4
Renggi goreng,serealia,processed food,471.0,4.7,21.8,64.1,6.4
Suwir-suwir,serealia,processed food,347.0,0.5,0.9,84.2,0.8
Tipa-tipa,serealia,processed food,355.0,6.2,1.2,79.8,1.3
Wajit camilan,serealia,processed food,303.0,6.3,2.7,63.3,6.9
Widaran,serealia,processed food,424.0,1.3,10.7,80.7,0.2
Wingko babat,serealia,processed food,355.0,3.2,15.1,51.4,2.4
Yangko,serealia,processed food,254.0,3.0,1.1,58.1,0.8
Kepala susu - krim segar,susu,single,204.0,2.6,20.0,4.0,0.0
Susu ibu - ASI,susu,single,62.0,1.5,3.2,7.0,0.0
Susu kambing segar,susu,single,64.0,4.3,2.3,6.6,0.0
Susu kuda segar,susu,single,40.0,2.0,1.1,5.4,0.0
Susu sapi segar,susu,single,61.0,3.2,3.5,4.3,0.0
Es krim,susu,processed food,210.0,4.0,12.5,20.6,0.0
Hangop,susu,processed food,65.0,10.0,1.0,3.5,0.0
Keju,susu,processed food,326.0,22.8,20.3,13.1,0.0
Kwark (Quark),susu,processed food,242.0,19.0,17.0,3.0,0.0
Susu asam untuk bayi bubuk,susu,processed food,418.0,19.0,9.0,65.5,0.0
Susu bubuk,susu,processed food,513.0,24.6,30.0,36.2,0.0
Susu kental manis,susu,processed food,343.0,8.2,10.0,55.0,0.0
Susu skim bubuk,susu,processed food,359.0,35.6,1.0,52.0,0.0
Yoghurt segar,susu,processed food,52.0,3.3,2.5,4.0,0.0
Telur ayam kampung segar,telur,single,174.0,10.8,14.0,1.2,0.0
Telur ayam ras segar,telur,single,154.0,12.4,10.8,0.7,0.0
Telur ayam ras bagian kuning segar,telur,single,355.0,16.3,31.9,0.7,0.0
Telur aAyam ras bagian putih segar,telur,single,50.0,10.8,0.0,0.8,0.0
Telur bebek alabio segar,telur,single,187.0,11.8,14.2,3.0,0.0
Telur bebek bagian kuning segar,telur,single,386.0,17.0,35.0,0.8,0.0
Telur bebek bagian putih segar,telur,single,54.0,11.0,0.0,0.8,0.0
Telur bebek tambak segar,telur,single,187.0,10.9,12.4,7.9,0.0
Telur penyu segar,telur,single,136.0,8.6,10.1,2.7,0.0
Telur burung puyuh segar,telur,single,116.0,10.7,7.0,1.6,0.0
Telur ayam dadar masakan,telur,processed food,251.0,16.3,19.4,1.4,0.0
Telur bebek dadar masakan,telur,processed food,301.0,20.0,23.7,0.0,0.0
Arrowroot segar,umbi berpati,single,102.0,1.0,0.2,24.1,1.7
Batatas gembili segar,umbi berpati,single,76.0,1.1,0.9,16.0,4.2
Batatas kelapa ubi segar,umbi berpati,single,89.0,1.1,0.1,21.0,4.0
Belitung talas segar,umbi berpati,single,145.0,1.2,0.4,34.2,1.5
Bengkuang segar,umbi berpati,single,59.0,1.4,0.2,12.8,1.0
Bentul (Komba) talas segar,umbi berpati,single,98.0,1.6,0.7,20.9,0.7
Gadung ubi segar,umbi berpati,single,100.0,0.9,0.3,23.5,2.1
Ganyong segar,umbi berpati,single,77.0,0.6,0.2,18.4,0.8
Gembili ubi segar,umbi berpati,single,131.0,1.1,0.2,31.3,1.1
Hofa/Ubi hutan segar,umbi berpati,single,127.0,1.2,0.5,29.5,3.4
Kaburan ubi segar,umbi berpati,single,133.0,1.0,0.2,32.2,0.7
Kentang segar,umbi berpati,single,62.0,2.1,0.2,13.5,0.5
Kentang hitam segar,umbi berpati,single,142.0,0.9,0.4,33.7,5.4
Keribang ubi segar,umbi berpati,single,137.0,1.3,1.1,29.8,0.6
Ketela pohon/ singkong segar,umbi berpati,single,154.0,1.0,0.3,36.8,0.9
Lepok/Ubi rumput,umbi berpati,single,181.0,2.8,1.2,39.8,10.7
Sagu aren kering,umbi berpati,single,355.0,0.6,1.1,85.6,0.3
Sagu aren segar,umbi berpati,single,231.0,0.6,0.2,56.6,3.2
Sagu kasbi segar,umbi berpati,single,230.0,0.6,0.2,56.5,3.0
Sagu lempeng,umbi berpati,single,347.0,0.9,0.3,85.2,4.7
Sente talas segar,umbi berpati,single,353.0,0.7,0.2,84.7,6.6
Suweg talas segar,umbi berpati,single,74.0,1.4,0.1,17.2,1.4
Talas bogor segar,umbi berpati,single,108.0,1.4,0.4,25.0,0.9
Talas pontianak segar,umbi berpati,single,163.0,2.3,0.5,36.4,0.7
Talas viqueque segar,umbi berpati,single,115.0,1.8,0.5,25.9,8.6
Ubi jalar kuning segar,umbi berpati,single,119.0,0.5,0.4,25.1,4.2
Ubi jalar manis segar,umbi berpati,single,83.0,1.5,0.2,18.8,0.6
Ubi jalar merah segar,umbi berpati,single,151.0,1.6,0.3,35.4,0.7
Ubi jalar putih segar,umbi berpati,single,88.0,0.4,0.4,20.6,4.0
Ubi jalar tinta/ kemayung,umbi berpati,single,108.0,0.5,0.4,25.6,4.2
Umbi Uwi segar,umbi berpati,single,120.0,2.8,0.5,82.3,2.6
Batatas kelapa ubi bakar,umbi berpati,processed food,110.0,1.4,1.1,23.4,4.5
Batatas kelapa ubi kukus,umbi berpati,processed food,92.0,1.2,0.3,21.0,4.1
Batatas tali ubi rebus,umbi berpati,processed food,182.0,2.4,0.4,42.2,9.2
Belitung talas kukus,umbi berpati,processed food,145.0,1.2,0.4,34.2,1.0
Bentul talas kukus,umbi berpati,processed food,71.0,2.3,0.3,15.4,0.5
Gadung ubi kukus,umbi berpati,processed food,88.0,0.6,0.3,20.9,0.9
Ganyong rebus,umbi berpati,processed food,100.0,0.8,0.2,23.8,0.9
Ketela pohon/ singkong kukus,umbi berpati,processed food,153.0,1.2,0.3,36.4,1.3
Suweg talas kukus,umbi berpati,processed food,93.0,1.5,0.1,21.9,0.9
Talas bogor kukus,umbi berpati,processed food,120.0,1.5,0.3,28.2,0.7
Ubi jalar kuning kukus,umbi berpati,processed food,100.0,0.7,0.3,23.8,1.0
Ubi jalar tinta/ kemayung kukus,umbi berpati,processed food,165.0,0.9,0.2,39.8,1.1
Bagea kw 1,umbi berpati,processed food,416.0,6.5,9.4,76.3,0.4
Bagea kw 2,umbi berpati,processed food,382.0,0.3,3.5,87.2,0.9
Biji nangka/Biji salak,umbi berpati,processed food,262.0,2.3,5.4,51.1,8.0
Cassavastick,umbi berpati,processed food,460.0,0.8,18.7,17.2,1.6
Ceriping getuk singkong,umbi berpati,processed food,462.0,1.2,20.7,67.7,0.6
Gatot,umbi berpati,processed food,347.0,1.3,0.7,83.8,5.8
Geblek,umbi berpati,processed food,195.0,0.4,1.7,44.4,3.6
Getuk goreng,umbi berpati,processed food,360.0,1.3,6.4,74.3,0.8
Getuk singkong,umbi berpati,processed food,204.0,0.5,1.4,47.4,0.8
Gurandil,umbi berpati,processed food,218.0,0.5,2.5,48.5,3.1
Kabuto,umbi berpati,processed food,250.0,2.6,2.5,35.4,1.8
Kapurung,umbi berpati,processed food,41.0,2.0,0.3,7.8,2.0
Kecimpring singkong goreng,umbi berpati,processed food,464.0,1.2,18.6,73.0,1.3
Keremes,umbi berpati,processed food,475.0,1.6,25.2,64.4,2.1
Keripik gadung,umbi berpati,processed food,446.0,2.8,14.5,76.0,1.7
Keripik kentang,umbi berpati,processed food,448.0,2.7,18.8,67.1,3.8
Keripik singkong,umbi berpati,processed food,478.0,0.9,20.7,72.0,2.0
Keripik singkong berbumbu,umbi berpati,processed food,481.0,2.2,19.7,73.6,1.6
Keripik ubi,umbi berpati,processed food,486.0,0.2,23.9,67.6,14.3
Kerupuk cumi goreng,umbi berpati,processed food,444.0,6.9,14.6,71.3,5.0
Kerupuk kemplang goreng,umbi berpati,processed food,504.0,5.6,28.1,57.1,0.3
Kerupuk kemplang panggang,umbi berpati,processed food,356.0,9.7,1.1,76.9,1.0
Kerupuk mie kuning goreng,umbi berpati,processed food,476.0,0.1,21.1,71.3,4.2
Kerupuk udang goreng,umbi berpati,processed food,477.0,4.7,20.5,68.5,5.0
Kue putu singkong,umbi berpati,processed food,217.0,1.2,0.5,53.2,2.4
Lanting getuk,umbi berpati,processed food,422.0,0.9,10.8,80.4,1.4
Mi golosor,umbi berpati,processed food,71.0,0.2,0.8,15.9,0.1
Mie Bendo,umbi berpati,processed food,353.0,0.3,0.0,88.0,2.4
Mie Sagu,umbi berpati,processed food,190.0,0.2,0.4,46.5,1.4
Ongol-ongol sagu,umbi berpati,processed food,111.0,0.3,2.7,21.2,0.3
Oyek,umbi berpati,processed food,351.0,0.9,0.9,84.9,4.3
Papeda,umbi berpati,processed food,61.0,0.2,0.1,14.9,0.5
Sagu Lemak (Kue Sagon),umbi berpati,processed food,452.0,2.8,14.8,76.8,1.1
Sagu Rendang,umbi berpati,processed food,364.0,0.1,0.2,90.5,1.9
Serimping talas kebumen,umbi berpati,processed food,478.0,2.5,21.2,69.2,1.7
Tapai singkong,umbi berpati,processed food,169.0,1.4,0.3,40.2,2.0
Tepung Arrowroot,umbi berpati,processed food,355.0,0.7,0.2,85.2,0.4
Tepung Ganyong,umbi berpati,processed food,353.0,0.8,1.7,83.6,0.7
Tepung Gaplek,umbi berpati,processed food,345.0,2.4,0.4,83.1,6.7
Tepung kentang kering,umbi berpati,processed food,347.0,0.3,0.1,85.6,0.4
Tepung Mocaf,umbi berpati,processed food,350.0,1.2,0.6,85.0,6.0
Tepung Sente,umbi berpati,processed food,326.0,4.0,0.4,76.7,8.5
Tepung singkong/ Tapioka,umbi berpati,processed food,363.0,1.1,0.5,88.2,0.9
Tepung Tales Beneng,umbi berpati,processed food,332.0,5.7,0.6,76.1,12.2
Tepung Ubi Ungu,umbi berpati,processed food,354.0,2.8,0.6,84.4,12.9
Tiwul,umbi berpati,processed food,353.0,2.4,1.1,83.4,6.5
Tiwul Instan,umbi berpati,processed food,395.0,3.2,8.5,76.5,4.2
Ubi Cilembu,umbi berpati,processed food,186.0,1.9,0.2,44.3,3.4
